Position,Artist,Album,Year
1,Type O Negative,October Rust,1996
2,Godflesh,Songs Of Love And Hate,1996
3,Neurosis,Through Silver In Blood,1996
4,Swans,Soundtracks For The Blind,1996
5,Tool,Aenima,1996
6,Samael,Passage,1996
7,Earth Crisis,Gomorrah's Season Ends,1996
8,Whitehouse,Quality Time,1996
9,Sepultura,Roots,1996
10,Blood Axis,The Gospel Of Inhumanity,1996
11,16,Drop Out,1996
12,Arch Enemy,Black Earth,1996
13,Fu Manchu,In Search Of…,1996
14,Crisis,Deathshread Extermination,1996
15,The 3rd & The Mortal,Painting On Glass,1996
16,C.OC.,Wiseblood,1996
17,Vader,De Profundis,1996
18,Cradle Of Filth,Dusk And Her Embrace,1996
19,Laibach,Jesus Christ Superstars,1996
20,Korn,Life Is Peachy,1996
21,Katatonia,Brave Murder Day,1996
22,Gehenna,Malice,1996
23,Turmoil,From Bleeding Hands,1996
24,Crowbar,Broken Glass,1996
25,Various Artists,Nordic Metal,1996
26,Bloodlet,Entheogen,1996
27,Downset,Do We Speak A Dead Language?,1996
28,Stuck Mojo,Pigwalk,1996
29,My Dying Bride,Like Gods Of The Sun,1996
30,Burzum,Filosofem,1996
1,Emperor,Anthems To The Welkin At Dusk,1997
2,Venom,Cast In Stone,1997
3,Arcturus,La Masquerade Infernale,1997
4,Entombed,"To Ride, Shoot Straight And Speak The Truth",1997
5,In The Woods,Omnio,1997
6,Judas Priest,Jugulator,1997
7,Today Is The Day,Temple Of The Morning Star,1997
8,Deicide,Serpents Of The Light,1997
9,Sigh,Hail Horror Hail,1997
10,Brutal Truth,Sounds Of The Animal Kingdom,1997
11,Non,God And Beast,1997
12,Vision Of Disorder,Vision Of Disorder,1997
13,Iron Monkey,Iron Monkey,1997
14,Hammerfall,Glory To The Brave,1997
15,Godflesh,Love And Hate In Dub,1997
16,Voivod,Phobos,1997
17,Kiss It Goodbye,"She Loves Me, She Loves Me Not ",1997
18,Mayhem,Wolf's Lair Abyss,1997
19,Karma To Burn,Karma To Burn,1997
20,Hypocrisy,The Final Chapter,1997
21,Fear Factory,Remanufacture (Cloning Technology),1997
22,Deceased,Fearless Undead Machines,1997
23,Crisis,The Hollowing,1997
24,Samiam,You Are Freaking Me Out,1997
25,Melvins,Honky,1997
26,Sick Of It All,Built To Last,1997
27,Dark Tranquility,The Mind's I,1997
28,The Blood Divine,Mystica,1997
29,Babylon Whores,Cold Heaven,1997
30,Solefald,The Linear Scaffold,1997
1,The Haunted,The Haunted,1998
2,Anathema,Alternative 4,1998
3,Iron Monkey,Our Problem,1998
4,Monster Magnet,Powertrip,1998
5,Morbid Angel,Formulas Fatal To The Flesh,1998
6,Slayer,Diabolus In Musica,1998
7,Vision Of Disorder,Imprint,1998
8,Witchery,Restless And Dead,1998
9,Queens Of The Stone Age,Queens Of The Stone Age,1998
10,Swans,Swans Are Dead,1998
11,Fear Factory,Obsolete,1998
12,Nile,Amongst The Catacombs Of Nephren-Ka,1998
13,Refused,The Shape Of Punk To Come,1998
14,Sepultura,Against,1998
15,Iced Earth,Something Wicked This Way Comes,1998
16,Bruce Dickinson,The Chemical Wedding,1998
17,Cryptopsy,Whisper Supremacy,1998
18,Soilent Green,Sewn Mouth Secrets,1998
19,Diamanda Galas,Malediction And Prayer,1998
20,System Of A Down,System Of A Down,1998
21,Anthrax,Volume 8: The Threat Is Real,1998
22,Meshuggah,Chaosphere,1998
23,Kill II This,Deviate,1998
24,Cradle Of Filth,Cruelty And The Beast,1998
25,Converge,When Forever Comes Crashing,1998
26,Opeth,"My Arms, Your Hearse",1998
27,Katatonia,Discouraged Ones,1998
28,Borknagar,The Archaic Curse,1998
29,Beyond Dawn,Revelry,1998
30,The Gathering,How To Measure A Planet?,1998
31,My Dying Bride,34.788% Complete,1998
32,Hammerfall,Legacy Of Kings,1998
33,Dillinger Escape Plan,Under The Running Board,1998
34,Mindrot,Soul,1998
35,Enslaved,Blodhemn,1998
36,Earth Crisis,Breed The Killers,1998
37,Avail,Over The James,1998
38,Medulla Nocte,A Conversation Alone,1998
39,Deicide,When Satan Lives,1998
40,Angel Corpse,Exterminate,1998
1,Neurosis,Times Of Grace,1999
2,Emperor,IX Equilibrium,1999
3,Katatonia,Tonight's Decision,1999
4,Satyricon,Rebel Extravaganza,1999
5,Mercyful Fate,9,1999
6,Immortal,At The Heart Of Winter,1999
7,Opeth,Still Life,1999
8,Anathema,Judgement,1999
9,Today Is The Day,In The Eyes Of God,1999
10,Ulver,"Themes From William Blake's ""The Marriage Of Heaven And Hell""",1999
11,Arch Enemy,Burning Bridges,1999
12,In Flames,Colony,1999
13,AFI,Black Sails In The Sunset,1999
14,Dillinger Escape Plan,Calculating Infinity,1999
15,Sodom,Code Red,1999
16,Angel Corpse,The Inexorable,1999
17,Dark Tranquility,Projector,1999
18,Sick Of It All,Call To Arms,1999
19,Misfits,Famous Monsters,1999
20,Akercocke,Rape Of The Bastard Nazarene,1999
21,Immolation,Failures For Gods,1999
22,Karma To Burn,Wild Wonderful Purgatory,1999
23,Beyond Dawn,Electric Sulking Machine,1999
24,Arcturus And The Deception Circus,Disguised Masters,1999
25,Testament,The Gathering,1999
26,Marduk,Panzer Division Marduk,1999
27,Grade,Under The Radar,1999
28,Nevermore,Dreaming Neon Black,1999
29,Babylon Whores,King Fear,1999
30,Slipknot,Slipknot,1999
31,Botch,We Are The Romans,1999
32,Spirit Caravan,Jug Fulla Sun,1999
33,Dødheimsgard,666 International,1999
34,Agnostic Front,Riot Riot Upstart,1999
35,59 Times The Pain,End Of The Millennium,1999
36,Fu Manchu,King Of The Road,1999
37,Unida,Coping With The Urban Coyote,1999
38,Cause For Alarm,Between The Wheel,1999
39,Dimmu Borgir,Spiritual Black Dimensions,1999
40,Demoniac,The Fire And The Wind,1999
1,Nile,Black Seeds Of Vengeance,2000
2,Napalm Death,Enemy Of The Music Business,2000
3,Electric Wizard,Dopethrone,2000
4,Mayhem,A Grand Declaration Of War,2000
5,Cryptopsy,And Then You'll Beg,2000
6,A Perfect Circle,Mer De Noms,2000
7,Drowningman,Rock And Roll Killing Machine,2000
8,High On Fire,The Art Of Self Defence,2000
9,Iron Maiden,Brave New World,2000
10,Nasum,Human 2.0,2000
11,Stampin' Ground,Carved >From Empty Words,2000
12,Eyehategod,Confederacy Of Ruined Lives,2000
13,Einsturzende Neubauten,Silence Is Sexy,2000
14,Goatsnake,Flower Of Disease,2000
15,(hed)pe,Broke,2000
16,Radiohead,Kid A,2000
17,Sigur Rôs,Ágætis Byrjum,2000
18,The Haunted,The Haunted Made Me Do It,2000
19,At The Drive-In,Relationship Of Command,2000
20,Queens Of The Stone Age,Rated R,2000
21,Nevermore,Dead Heart In A Dead World,2000
22,Amen,We Have Come For Your Parents,2000
23,Halford,Resurrection,2000
24,Earthtone 9,Arc'tan'gent,2000
25,Primordial,Spirit The Earth Aflame,2000
26,The Gathering,If_Then_Else,2000
27,Sunn 0))),Void 00,2000
28,The Chasm,Procession To The Infraworld,2000
29,Bogus Blimp,cords.wires,2000
30,Raging Speedhorn,Raging Speedhorn,2000
31,The Young Gods,Second Nature,2000
32,AFI,The Art Of Drowning,2000
33,Red Harvest,Cold Dark Matter,2000
34,Deftones,White Pony,2000
35,Discordance Axis,The Inalienable Dreamless,2000
36,Warning,The Strength To Dream,2000
37,Aghora,Aghora,2000
38,Stuck Mojo,Declaration Of A Headhunter,2000
39,The Damage Manual,The Damage Manual,2000
40,Fleurety,Department Of Apocalyptic Affairs,2000
1,Converge,Jane Doe,2001
2,Thorns,Thorns,2001
3,Opeth,Blackwater Park,2001
4,Akercocke,The Goat Of Mendes,2001
5,Khanate,Khanate,2001
6,Tool,Lateralus,2001
7,Slayer,God Hates Us All,2001
8,Anaal Nathrakh,The Codex Necro,2001
9,Old Man Gloom,Seminar II,2001
10,Sigh,Imaginary Sonicscape,2001
11,Neurosis,A Sun That Never Sets,2001
12,Angels Of Light,How I Loved You,2001
13,Godflesh,Hymns,2001
14,Warhorse,As Heaven Turns To Ash,2001
15,Cathedral,Endtyme,2001
16,5ive,5ive,2001
17,Church Of Misery,Church Of Misery,2001
18,Candiria,300% Density,2001
19,Fantomas,The Director's Cut,2001
20,Pig Destroyer,Prowler In The Yard,2001
21,2nd Gen,Irony Is,2001
22,Nick Cave And The Bad Seeds,No More Shall We Part,2001
23,Will Haven,Carpe Diem,2001
24,Fugazi,The Argument,2001
25,Lightning Bolt,Ride The Skies,2001
26,Atomsmasher,Atomsmasher,2001
27,Radiohead,Amnesiac,2001
28,Emperor,Prometheus: The Discipline Of Fire & Demise,2001
29,Techno Animal,The Brotherhood Of The Bomb,2001
30,Cult Of Luna,Cult Of Luna,2001
31,My Dying Bride,The Dreadful Hours,2001
32,Madder Mortem,All Flesh Is Grass,2001
33,Masters Of Reality,Deep In The Hole,2001
34,Clutch,Pure Rock Fury,2001
35,Absu,Tara,2001
36,Hammers Of Misfortune,The Bastard,2001
37,Lost Soul,Scream Of The Mourning Star,2001
38,Ohgr,Welt,2001
39,Aborym,Fire Walk With Us!,2001
40,Cannibal Ox,The Cold Vein,2001
1,Isis,Oceanic,2002
2,Nile,In Their Darkened Shrines,2002
3,Electric Wizard,Let Us Prey,2002
4,Frost,Cursed Again,2002
5,The Great Deceiver,A Venom Well Designed,2002
6,Napalm Death,Order Of The Leech,2002
7,Opeth,Deliverance,2002
8,Mastodon,Remission,2002
9,Mistress,Mistress,2002
10,Satyricon,Volcano,2002
11,Wolf,Black Wings,2002
12,Queens Of The Stone Age,Songs For The Deaf,2002
13,Red Harvest,Sick Transit Gloria Mundi,2002
14,Meshuggah,Nothing,2002
15,Cathedral,The VIIIth Crusade,2002
16,Scalplock,"Spread The Germs,  Over The Human Worms",2002
17,Knut,Challenger,2002
18,Botch,An Anthology Of Dead Ends,2002
19,Vader,Revelations,2002
20,Antaeus,De Principii Evangelikum,2002
21,Immortal,Sons Of Northern Darkness,2002
22,Arcturus,The Sham Mirrors,2002
23,The Dillinger Escape Plan with Mike Patton,Irony Is A Dead Scene,2002
24,Halford,Crucible,2002
25,Metalucifer,Heavy Metal Chainsaw,2002
26,Agoraphobic Nosebleed,Frozen Corpse Stuffed With Dope,2002
27,Snapcase,End Transmission,2002
28,Craft,Terror Propaganda,2002
29,Hatebreed,Perseverance,2002
30,Khold,Phantom,2002
31,High On Fire,Surrounded By Thieves,2002
32,Killswitch Engage,Alive Or Just Breathing?,2002
33,Today Is The Day,Sadness Will Prevail,2002
34,Down,II - A Bustle In Your Hedgerow,2002
35,Watchmaker,"Kill,Crush,Destroy",2002
36,Arch Enemy,Wages Of Sin,2002
37,Oxbow,An Evil Heat,2002
38,Madder Mortem,Deadlands,2002
39,Abscess,Through The Cracks Of Death,2002
40,Xasthur,Nocturnal Poisoning,2002
1,Akercocke,Choronzon,2003
2,Enslaved,Below The Lights,2003
3,Darkthrone,Hate Them,2003
4,Axis Of Perdition,The Ichneumon Method,2003
5,Iron Maiden,Dance Of Death,2003
6,Ephel Duath,The Painter's Palette,2003
7,Killing Joke,Killing Joke,2003
8,The Meads Of Asphodel,Exhuming The Grave Of Yeshua,2003
9,Opeth,Damnation,2003
10,Khanate,Things Viral,2003
11,Cult Of Luna,The Beyond,2003
12,The Hidden Hand,Divine Propaganda,2003
13,Reverend Bizarre,Harbinger Of Metal,2003
14,Burnt By The Sun,The Perfect Is The Enemy Of The Good,2003
15,Funeral Mist,Salvation,2003
16,The Angels Of Light,Everything Is Good Here/Please Come Home,2003
17,Melechesh,Sphynx,2003
18,Therapy?,High Anxiety,2003
19,Sunn 0))),White1,2003
20,Katatonia,Viva Emptiness,2003
21,Neurosis & Jarboe,Neurosis & Jarboe,2003
22,Aborym,With No Human Intervention,2003
23,Palehorse,"Gee, Ain't That Swell",2003
24,Tomahawk,Mit Gas,2003
25,Anaal Nathrakh,"When Fire Rains Down From The Sky, Mankind Will Reap As It Has Sown",2003
26,Every Time I Die,Hot Damn!,2003
27,Laibach,WAT,2003
28,Revenge,"Triumph, Genocide, Antichrist",2003
29,Mars Volta,De-Loused In The Comatorium,2003
30,Twisted Tower Dire,Crest Of The Martyrs,2003
31,Place Of Skulls,With Vision,2003
32,Melt Banana,Cell-Scape,2003
33,While Heaven Wept,Of Empires Forlorn,2003
34,Mistress,II: The Chronovisor,2003
35,Pelican,Australasia,2003
36,Elend,Winds Devouring Men,2003
37,Arkhon Infaustus,Filth Catalyst,2003
38,Blood Brothers,"Burn Piano Island, Burn",2003
39,Deftones,Deftones,2003
40,Hatebreed,The Rise Of Brutality,2003
1,Mastodon,Leviathan,2004
2,Neurosis,The Eye Of Every Storm,2004
3,Meshuggah,I,2004
4,Enslaved,Isa,2004
5,Blut Aus Nord,The Work Which Transforms God,2004
6,The Dillinger Escape Plan,Miss Machine,2004
7,Esoteric,Subconscious Dissolution Into The Continuum,2004
8,Watain,Casus Luciferi,2004
9,Anaal Nathrakh,Domine Non Es Dignus,2004
10,Isis,Panopticon,2004
11,Cult Of Luna,Salvation,2004
12,Converge,You Fail Me,2004
13,Motörhead,Inferno,2004
14,Jesu,Heartbreak,2004
15,Textures,Polars,2004
16,Pig Destroyer,Terrifyer,2004
17,Old Man Gloom,Christmas,2004
18,Orphaned Land,Mabool,2004
19,Leviathan,Tentacles Of Whorror,2004
20,Nasum,Shift,2004
21,Einstürzende Neubauten,Perpetuum Mobile,2004
22,Arkhon Infaustus,Perdition Insanabilis,2004
23,Red Harvest,Internal Punishment Programs,2004
24,The Hidden Hand,Mother Teacher Destroyer,2004
25,Krieg,The Black House,2004
26,Nattefrost,Blood And Vomit,2004
27,Exodus,Tempo Of The Damned,2004
28,The Haunted,Revolver,2004
29,Deathspell Omega,"Si Monumentum Requires, Circumspice",2004
30,My Dying Bride,"Songs Of Darkness, Words Of Light",2004
31,Iced Earth,The Glorious Burden,2004
32,Ministry,Houses Of The Molé,2004
33,Behemoth,Demigod,2004
34,Sunno))),White2,2004
35,Elend,Sunwar The Dead,2004
36,Darkthrone,Sardonic Wrath,2004
37,Witchcraft,Witchcraft,2004
38,Wolf Eyes,Burned Mind,2004
39,Electric Wizard,We Live,2004
40,Tsjuder,Desert Northern Hell,2004
1,Meshuggah,Catch Thirty Three,2005
2,Jesu,Jesu,2005
3,Cathedral,The Garden Of Unearthly Delights,2005
4,Deathspell Omega,Kenôse,2005
5,Opeth,Ghost Reveries,2005
6,The Axis Of Perdition,Deleted Scenes From The Transition Hospital,2005
7,Burst,Origo,2005
8,Candlemass,Candlemass,2005
9,Akercocke,"Words That Go Unspoken, Deeds That Go Undone",2005
10,Red Sparowes,At The Soundless Dawn,2005
11,Nile,Annihilation Of The Wicked,2005
12,Witchcraft,Firewood,2005
13,Bolt Thrower,Those Once Loyal,2005
14,Sigh,Gallows Gallery,2005
15,Blut Aus Nord,Thematic Emanation Of Archetypal Multiplicity,2005
16,Judas Priest,Angel Of Retribution,2005
17,Earth,Hex (Or Printing In The Infernal Method),2005
18,High On Fire,Blessed Black Wings,2005
19,Gojira,From Mars To Sirius,2005
20,Sunno))),Black One,2005
21,Primordial,The Gathering Wilderness,2005
22,1349,Hellfire,2005
23,<Code>,Noveau Gloaming,2005
24,Reverend Bizarre,II: Crush The Insects,2005
25,Municipal Waste,Hazardous Mutation,2005
26,God Forbid,IV: Constitution Of Treason,2005
27,Nevermore,This Godless Endeavor,2005
28,Capricorns,Ruder Forms Survive,2005
29,Unsane,Blood Run,2005
30,Ulver,Blood Inside,2005
31,Strapping Young Lad,Alien,2005
32,Napalm Death,"The Code Is Red, Long Live The Code",2005
33,Clutch,Robot Hive/Exodus,2005
34,The Black Dahlia Murder,Miasma,2005
35,Pelican,The Fire In Our Throats Will Beckon The Thaw,2005
36,System Of A Down,Mezmerize/Hypnotize,2005
37,Arcturus,Sideshow Symphonies,2005
38,Every Time I Die,Gutter Phenomenon,2005
39,Arch Enemy,Doomsday Machine,2005
40,Taint,The Ruin Of Nová Roma,2005
1,Celtic Frost,Monotheist,2006
2,Enslaved,Ruun,2006
3,Killing Joke,Hosannas From The Basement Of Hell,2006
4,Negura Bunget,Om,2006
5,Deicide,The Stench of Redemption,2006
6,Iron Maiden,A Matter Of Life And Death,2006
7,Jesu,Silver,2006
8,Melechesh,Emissaries,2006
9,Converge,No Heroes,2006
10,Mastodon,Blood Mountain,2006
11,I,Between Two Worlds,2006
12,Nachtmystium,Instinct: Decay,2006
13,Napalm Death,Smear Campaign,2006
14,Madder Mortem,Desiderata,2006
15,Anaal Nathrakh,Eschaton,2006
16,Isis,In The Absence Of Truth,2006
17,Sunn O))) & Boris,Altar,2006
18,Gorgoroth,Ad Majorem Sathanas Gloriam,2006
19,Ministry,Rio Grande Blood,2006
20,Antaeus,Blood Libels,2006
21,Melvins,(A) Senile Animal,2006
22,Blut Aus Nord,MoRT,2006
23,Indesinence,Noctabulism,2006
24,Katatonia,The Great Cold Distance,2006
25,Current 93,Black Ships Ate The Sky,2006
26,Suffocation,Suffocation,2006
27,Cannibal Corpse,Kill,2006
28,The Meads Of Asphodel,Damascus Steel,2006
29,Solitude Aeturnus,Alone,2006
30,Darkthrone,The Cult Is Alive,2006
31,Sick Of It All,Death To Tyrants,2006
32,Satyricon,"Now, Diabolical",2006
33,Whitehouse,Aesceticists,2006
34,The Angelic Process,Coma Waering,2006
35,Drudkh,Blood In Our Wells,2006
36,Skullflower,Tribulation,2006
37,Amon Amarth,With Oden On Our Side,2006
38,Shora,Malval,2006
39,Ignite,Our Darkest Days,2006
40,Lamb Of God,Sacrament,2006
1,Deathspell Omega,"Fas, Ite, Maledicti, In Ignem Aeturnum",2007
2,Mayhem,Ordo Ad Chao,2007
3,Neurosis,Given To The Rising,2007
4,Primordial,To The Nameless Dead,2007
5,Watain,Sworn To The Dark,2007
6,Darkthrone,F.O.A.D,2007
7,High On Fire,Death Is Communion,2007
8,DHG,Supervillain Outcast,2007
9,Gallhammer,III Innocence,2007
10,Electric Wizard,Witchcult Today,2007
11,Nadja,Touched,2007
12,Akercocke,Antichrist,2007
13,Cobalt,Eater Of Birds,2007
14,Clutch,From Beale Street To Oblivion,2007
15,Municipal Waste,The Art Of Partying,2007
16,Reverend Bizarre,III: So Long Suckers,2007
17,Witchcraft,Alchemist,2007
18,Big Business,Here Come The Waterworks,2007
19,Evile,Enter The Grave,2007
20,Ulver,Shadows Of The Sun,2007
21,Angels Of Light,We Are Him,2007
22,Type O Negative,Dead Again,2007
23,Sigh,Hangman's Hymn,2007
24,The Dillinger Escape Plan,Ire Works,2007
25,Arkhon Infaustus,Orthydoxyn,2007
26,Megadeth,United Abominations,2007
27,Shining,V: Halmstad,2007
28,Unsane,Visqueen,2007
29,Candlemass,King Of The Grey Islands,2007
30,Prong,Power Of The Damager,2007
31,Amber Asylum,Still Point,2007
32,Rotting Christ,Theogonia,2007
33,Elend,A World In Their Screams,2007
34,Alcest,Souvenirs D'un Autre Monde,2007
35,Subhumans,Internal Riot,2007
36,Turisas,The Varangian Way,2007
37,Anaal Nathrakh,Hell Is Empty And All The Devils Are Here,2007
38,Doomsword,My Name Will Live On,2007
39,Down,III: Over The Under,2007
40,Jesu,Conqueror,2007
1,Enslaved,Vertebrae,2008
2,Cynic,Traced In Air,2008
3,Nachtmystium,Assassins: Black Meddle Part I,2008
4,Gojira,The Way Of All Flesh,2008
5,Torche,Meanderthal,2008
6,Meshuggah,ObZen,2008
7,Opeth,Watershed,2008
8,Metallica,Death Magnetic,2008
9,Bloodbath,The Fathomless Mystery,2008
10,Esoteric,The Maniacal Vale,2008
11,Earth,The Bees Made Honey In The Lion's Skull,2008
12,AC/DC,Black Ice,2008
13,Asva,What You Don't Know Is Frontier,2008
14,Hail Of Bullets,… Of Frost And War,2008
15,Septic Flesh,Communion,2008
16,Darkthrone,Dark Thrones And Black Flags,2008
17,Leviathan,Massive Conspiracy Against All Life,2008
18,Grand Magus,Iron Will,2008
19,Harvey Milk,Life … The Best Game In Town,2008
20,Satyricon,The Age Of Nero,2008
21,Deicide,Till Death Do Us Part,2008
22,Trap Them,Seizures In Barren Praise,2008
23,Moss,Sub Templum,2008
24,Melvins,Nude With Boots,2008
25,Genghis Tron,Board Up The House,2008
26,Aura Noir,Hades Rise,2008
27,Virus,The Black Flux,2008
28,Blood Ceremony,Blood Ceremony,2008
29,Origin,Antithesis,2008
30,Jex Thoth,Jex Thoth,2008
31,Enforcer,Into The Night,2008
32,Motörhead,Motörizer,2008
33,Krallice,Krallice,2008
34,Toxic Holocaust,An Overdose Of Death …,2008
35,Withered,Folle Circulaire,2008
36,Misery Index,Traitors,2008
37,Burst,Lazarus Bird,2008
38,Cavalera Conspiracy,Inflikted,2008
39,Amon Amarth,Twilight Of The Thunder God,2008
40,Portrait,Portrait,2008
1,Converge,Axe To Fall,2009
2,Cobalt,Gin,2009
3,Kylesa,Static Tensions,2009
4,Blut Aus Nord,Memoria Vetusta II: Dialogue With The Stars,2009
5,Napalm Death,Time Waits For No Slave,2009
6,Mastodon,Crack The Skye,2009
7,Megadeth,Endgame,2009
8,Agoraphobic Nosebleed,Agorapocalypse,2009
9,Funeral Mist,Marantha,2009
10,Immortal,All Shall Fall,2009
11,Drudkh,Microcosmos,2009
12,Beherit,Engram,2009
13,Portal,Swarth,2009
14,Sunn O))),Monoliths And Dimensions,2009
15,Marduk,Wormwood,2009
16,Absu,Absu,2009
17,Tombs,Winter Hours,2009
18,Burnt By The Sun,Heart Of Darkness,2009
19,Heaven And Hell,The Devil You Know,2009
20,Anaal Nathrakh,In The Constellation Of The Black Widow,2009
21,Arckanum,ÞÞÞÞÞÞÞÞÞÞÞ,2009
22,Baroness,Blue Record,2009
23,Madder Mortem,Eight Ways,2009
24,The Devil's Blood,The Time Of No Time Evermore,2009
25,Archgoat,The Light-Devouring Darkness,2009
26,Shining,VI: Klagopsalmer,2009
27,Candlemass,Death Magic Doom,2009
28,Hacride,Lazarus,2009
29,Fukpig,Spewings From A Selfish Nation,2009
30,Amorphis,Skyforger,2009
31,Brutal Truth,Evolution Through Revolution,2009
32,Grey Machine,Disconnected,2009
33,Behemoth,Evangelion,2009
34,Unanimated,In The Light Of Darkness,2009
35,Obscura,Cosmogenesis,2009
36,Gnaw Their Tongues,All The Dread Magnificence Of Perversity,2009
37,Shrinebuilder,Shrinebuilder,2009
38,Teitanblood,Seven Chalices,2009
39,Gorgoroth,Quanots Possunt Ad Satanitatem Trahunt,2009
40,Evile,Infected Nations,2009
1,Triptykon,Eparistera Daimones,2010
2,Enslaved,Axioma Ethica Odini,2010
3,Watain,Lawless Darkness,2010
4,Ghost,Opus Anonymous,2010
5,Electric Wizard,Black Masses,2010
6,Burzum,Belus,2010
7,Swans,My Father Will Guide Me Up a Rope to the Sky,2010
8,Kvelertak,Kvelertak,2010
9,Darkthrone,Cirlce the Wagons,2010
10,Killing Joke,Absolute Dissent,2010
11,Christian Mistress,Agony and Opium,2010
12,Black Breath,Heavy Breathing,2010
13,Anathema,We’re Here Because We’re Here,2010
14,Iron Maiden,The Final Frontier,2010
15,Ihsahn,After,2010
16,The Dillinger Escape Plan,Option Paralysis,2010
17,Negura Bunget,Virstele Pamintului,2010
18,Alcest,Ecailles De Luna,2010
19,Gnaw Their Tongues,L’Arrivee de la Terne Mort Triomphante,2010
20,Winterfylleth,The Mercian Sphere,2010
21,Twilight,Monuments to Time End,2010
22,Cathedral,The Guessing Game,2010
23,Nachtmystium,Addicts: Black Meddle Part II,2010
24,Rotting Christ,Aealo,2010
25,Kylesa,Spiral Shadow,2010
26,Enforcer,Diamonds,2010
27,Bastard Priest,Under the Hammer of Destruction,2010
28,Hail of Bullets,On Divine Winds,2010
29,High on Fire,Snakes for the Divine,2010
30,Shining,Black Jazz,2010
31,Ion Dissonance,Cursed,2010
32,Vomitor,Devils Poison,2010
33,Agalloch,Marrow of the Spirit,2010
34,The Ocean,Heliocentric,2010
35,Athiest,Jupitor,2010
36,Sabbath Assembly,Restored to One,2010
37,Abcess,Dawn on Inhumanity,2010
38,Integrity,The Blackest Curse,2010
39,Slough Feg,The Animal Spirits,2010
40,Ludicra,The Tenant,2010
1,Mastodon,The Hunter,2011
2,Autopsy,Macabre Eternal,2011
3,Trap Them,Darker Handcraft,2011
4,Devin Townsend Project,Ghost/Deconstruction,2011
5,Amebix,Sonic Mass,2011
6,Altar Of Plagues,Mammal,2011
7,Wolves In The Throne Room,Celestial Lineage,2011
8,Blood Ceremony,Living With The Ancients,2011
9,Necros Christos,Doom Of The Occult,2011
10,In Solitude,"The World, The Flesh, The Devil",2011
11,Today Is The Day,Pain Is A Warning,2011
12,Primordial,Redemption At The Puritan’s Hand,2011
13,40 Watt Sun,The Inside Room,2011
14,The Devil’s Blood,The Thousandfold Epicentre,2011
15,Sólstafir,Svartir Sandar,2011
16,Fucked Up,David Comes To Life,2011
17,Tombs,Path Of Totality,2011
18,Machine Head,Unto The Locust,2011
19,Negative Plane,Stained Glass Revelations,2011
20,Vallenfyre,A Fragile King,2011
21,Ancient VVisdom,A Godlike Inferno,2011
22,Opeth,Heritage,2011
23,Craft,Void,2011
24,Sonne Adam,Transformation,2011
25,Brutal Truth,End Time,2011
26,Disma,Towards The Megalith,2011
27,Leviathan,"True Traitor, True Whore",2011
28,Yob,Atma,2011
29,All Pigs Must Die,God Is War,2011
30,Cave In,White Silence,2011
31,Steven Wilson,Grace For Drowning,2011
32,Will Haven,Voir Dire,2011
33,Decapitated,Carnival Is Forever,2011
34,Obscura,Omnivium,2011
35,Rwake,Rest,2011
36,Morbus Chron,Sleepers In The Rift,2011
37,Maim,Deceased To Exist,2011
38,Absu,Abzu,2011
39,Esoteric,Paragon Of Dissonance,2011
40,Shining,VII: Född Förlorare,2011
1,Converge,All We Love We Leave Behind,2012
2,Baroness,Yellow & Green,2012
3,Pig Destroyer,Book Burner,2012
4,Neurosis,Honor Found In Decay,2012
5,Devin Townsend Project,Epicloud,2012
6,Swans,The Seer,2012
7,Napalm Death,Utilitarian,2012
8,Torche,Harmonicraft,2012
9,Killing Joke,MMXII,2012
10,Alcest,Les Voyages De L'Âme,2012
11,Pallbearer,Sorrow And Extinction,2012
12,Enslaved,RIITIIR,2012
13,Gaza,No Absolutes In Human Suffering,2012
14,Black Breath,Sentenced to Life,2012
15,Winterfylleth,The Threnody Of Triumph,2012
16,Grand Magus,The Hunt,2012
17,The Chariot,One Wing,2012
18,Gojira,L'Enfant Sauvage,2012
19,Dragged Into Sunlight,Widowmaker,2012
20,Gallows,Gallows,2012
21,Satan's Wrath,Galloping Blasphemy,2012
22,Royal Thunder,CVI,2012
23,Saint Vitus,Lillie: F-65,2012
24,Wodensthrone,Curse,2012
25,Eagle Twin,The Feather Tipped The Serpent Scale,2012
26,Anathema,Weather Systems,2012
27,High On Fire,De Vermis Mysteriis,2012
28,Ufomammut,Oro: Opus Alter/Oro: Opus Primum,2012
29,Enabler,All Hail The Void,2012
30,Meshuggah,Koloss,2012
31,Anaal Nathrakh,Vanitas,2012
32,Hexvessel,No Holier Temple,2012
33,Rush,Clockwork Angels,2012
34,Every Time I Die,Ex Lives,2012
35,Unsane,Wreck,2012
36,Woods Of Ypres,Grey Skies & Electric Light,2012
37,JK Flesh,Posthuman,2012
38,Hooded Menace,Effigies Of Evil,2012
39,Feed The Rhino,The Burning Sons,2012
40,Nachtmystium,Silencing Machine,2012
41,A Forest Of Stars,A Shadowplay For Yesterdays,2012
42,Jess And The Ancient Ones,Jess And The Ancient Ones,2012
43,Orange Goblin,A Eulogy For The Damned,2012
44,Paradise Lost,Tragic Idol,2012
45,Amenra,Mass V,2012
46,Katatonia,Dead End Kings,2012
47,Black Shape Of Nexus,Negative Black,2012
48,Latitudes,Individuation,2012
49,Ides Of Gemini,Constantinople,2012
50,Vision Of Disorder,The Cursed Remain Cursed,2012
1,Carcass,Surgical Steel,2013
2,Altar of Plagues,Teethed Glory and Injury,2013
3,Watain,The Wild Hunt,2013
4,Darkthrone,The Underground Resistance,2013
5,In Solitude,Sister,2013
6,Clutch,Earth Rocker,2013
7,Ihsahn,Das Seelenbrechen,2013
8,Deafheaven,Sunbather,2013
9,Nails,Abandon All Life,2013
10,Rotting Christ,Kata Ton Daimona Eaytoy,2013
11,Purson,The Circle and the Blue Door,2013
12,Ghost,Infestissuman,2013
13,Beastmilk,Climax,2013
14,The Dillinger Escape Plan,One of Us Is the Killer,2013
15,Cathedral,The Last Spire,2013
16,Corrections House,Last City Zero,2013
17,Autopsy,The Headless Ritual,2013
18,Cult of Luna,Vertikal,2013
19,Portal,Vexovoid,2013
20,Ministry,From Beer to Eternity,2013
21,Voivod,Target Earth,2013
22,Cloud Rat,Moksha,2013
23,Atlantean Kodex,The White Goddess,2013
24,Årabrot,Årabrot,2013
25,Satan,Life Sentence,2013
26,Wardruna,Yggdrasil,2013
27,Tribulation,The Formulas of Death,2013
28,Grave Miasma,Odori Sepulcrorum,2013
29,Uncle Acid and the Deadbeats,Mind Control,2013
30,Subrosa,More Constant Than the Gods,2013
31,Fleshgod Apocalypse,Labyrinth,2013
32,Windhand,Soma,2013
33,Light Bearer,Silver Tonuge,2013
34,Gorguts,Colored Sands,2013
35,Unkind,Pelon Juuret,2013
36,Shining,One One One,2013
37,Kvelertak,Meir,2013
38,The Ruins of Beverast,Blood Vaults,2013
39,Cultes des Ghoules,Henbane,2013
40,Ævangelist,Omen Ex Simulacra,2013
41,Retox,YPLL,2013
42,Satan's Wrath,Aeons of Satan's Reign,2013
43,Death Angel,The Dream Calls for Blood,2013
44,Hail of Bullets,III: The Rommel Chronicles,2013
45,Trouble,The Distortion Field,2013
46,CROWN,Psychurgy,2013
47,All Pigs Must Die,Nothing Violates This Nature,2013
48,Inquisition,Obscure Verses for the Multiverse,2013
49,Vista Chino,Peace,2013
50,Agrimonia,Rites of Separation,2013
1,Godflesh,A World Lit Only By Fire,2014
2,Swans,To Be Kind,2014
3,Behemoth,The Satanist,2014
4,Yob,Clearing The Path To Ascend,2014
5,Triptykon,Melana Chasmata,2014
6,Eyehategod,Eyehategod,2014
7,Primordial,Where Greater Men Have Fallen,2014
8,Sólstafir,Ótta,2014
9,Pallbearer,Foundations Of Burden,2014
10,Electric Wizard,Time To Die,2014
11,Midnight,No Mercy For Mayhem,2014
12,Morbus Chron,Sweven,2014
13,Winterfylleth,The Divination Of Antiquity,2014
14,Judas Priest,Redeemer Of Souls,2014
15,Voices,London,2014
16,Swallowed,Lunarterial,2014
17,Agalloch,The Serpent And The Sphere,2014
18,Thou,Heathen,2014
19,Panopticon,Roads To The North,2014
20,Dead Congregation,Promulgation Of The Fall,2014
21,Wovenhand,Refractory Obdurate,2014
22,Blut Aus Nord,Memorial Vetusta III: Saturnian Poetry,2014
23,Autopsy,"Tourniquets, Hacksaws And Graves",2014
24,Vallenfyre,Splinters,2014
25,Earth,Primitive And Deadly,2014
26,Today Is The Day,Animal Mother,2014
27,Pyrrhon,The Mother Of Virtues,2014
28,Sunn O))) & Ulver,Terrestrials,2014
29,Teitanblood,Death,2014
30,Trap Them,Blissfucker,2014
31,Schammasch,Contradiction,2014
32,Orange Goblin,Back From The Abyss,2014
33,Tombs,Savage Gold,2014
34,The Body,I Shall Die Here,2014
35,Mastodon,Once More ‘Round The Sun,2014
36,Mayhem,Esoteric Warfare,2014
37,Opeth,Pale Communion,2014
38,Insomnium,Shadows Of A Dying Sun,2014
39,ACxDC,Antichrist Demoncore,2014
40,Conan,Blood Eagle,2014
41,Decapitated,Blood Mantra,2014
42,Wolves In The Throne Room,Celestite,2014
43,Lord Mantis,Death Mask,2014
44,Prong,Ruining Lives,2014
45,11 Paranoias,Stealing Fire From Heaven,2014
46,Esben And The Witch,A New Nature,2014
47,Martyrdöd,Elddop,2014
48,Death Penalty,Death Penalty,2014
49,At The Gates,At War With Reality,2014
50,Nachtmystium,The World We Left Behind,2014
1,Napalm Death,"Apex Predator, Easy Meat",2015
2,Faith No More,Sol Invictus,2015
3,Killing Joke,Pylon,2015
4,Baroness,Purple,2015
5,Clutch,Psychic Warfare,2015
6,Mgla,Exercises In Futility,2015
7,Tribulation,The Children of the Night,2015
8,Tau Cross,Tau Cross,2015
9,My Dying Bride,Feel the Misery,2015
10,Goatsnake,Black Age Blues,2015
11,Amorphis,Under the Red Cloud,2015
12,Paradise Lost,The Plague Within,2015
13,VHOL,Deeper Than Sky,2015
14,Royal Thunder,Crooked Doors,2015
15,Sigh,Graveward,2015
16,Melechesh,Enki,2015
17,Myrkur,M,2015
18,Lucifer,Lucifer I,2015
19,Cloud Rat,Qliphoth,2015
20,Ghost,Meliora,2015
21,Chelsea Wolfe,Abyss,2015
22,Satan,Atom by Atom,2015
23,Dødheimsgard,A Umbra Omega,2015
24,Horrendous,Anareta,2015
25,Gruesome,Savage Land,2015
26,Revenge,"Behold, Total, Rejection",2015
27,Iron Maiden,The Book of Souls,2015
28,High on Fire,Luminiferous,2015
29,Abyssal,Antikatastaseis,2015
30,Corrections House,Know How to Carry a Whip,2015
31,KEN mode,Success,2015
32,Prurient,Frozen Niagara Falls,2015
33,A Forest of Stars,Beware the Sword You Cannot See,2015
34,Enforcer,From Beyond,2015
35,Pissgrave,Suicide Euphoria,2015
36,Uncle Acid,The Night Creeper,2015
37,Poison Idea,Confuse & Conquer,2015
38,Black Breath,Slaves Beyond Death,2015
39,Gnaw Their Tongues,Abyss of Longing Throats,2015
40,Arcturus,Arcturian,2015
41,Ares Kingdom,The Unburiable Dead,2015
42,Therapy?,Disquiet,2015
43,Mutoid Man,Bleeder,2015
44,Bell Witch,Four Phantoms,2015
45,Undersmile,Anhedonia,2015
46,Ufomammut,Ecate,2015
47,Solefald,"World Metal, Kosmopolis Sud",2015
48,Torche,Restarter,2015
49,With the Dead,With the Dead,2015
50,Cruciamentum,Charnel Passages,2015
1,Neurosis,Fires Within Fires,2016
2,Darkthrone,Arctic Thunder,2016
3,Oathbreaker,Rheia,2016
4,Trap Them,Crown Feral,2016
5,40 Watt Sun,Wider Than The Sky,2016
6,Subrosa,For This We Fought The Battle Of The Ages,2016
7,Cobalt,Slow Forever,2016
8,Cult Of Luna And Julie Christmas,Mariner,2016
9,Oranssi Pazuzu,Värähtelijä,2016
10,Nails,You Will Never Be One Of Us,2016
11,Deathspell Omega,The Synarchy Of Molten Bones,2016
12,The Dillinger Escape Plan,Dissociation,2016
13,Discharge,End Of Days,2016
14,Blood Incantation,Starspawn,2016
15,Vektor,Terminal Redux,2016
16,Opeth,Sorceress,2016
17,Anaal Nathrakh,The Whole Of The Law,2016
18,Graves At Sea,The Curse That Is,2016
19,Urfaust,Empty Space Meditation,2016
20,Wormrot,Voices,2016
21,Gojira,Magma,2016
22,Boss Keloid,Herb Your Enthusiasm,2016
23,The Body,No One Deserves Happiness,2016
24,Purson,Desire- S Magic Theatre,2016
25,Alcest,Kodama,2016
26,Deströyer 666,Wildfire,2016
27,Inquisition,Bloodshed Across The Empyrean Altar Beyond The Celestial Zenith,2016
28,Ihsahn,Arktis,2016
29,Swans,The Glowing Man,2016
30,Gadget,The Great Destroyer,2016
31,Bossk,Audio Noir,2016
32,Darkher,Realms,2016
33,Inter Arma,Paradise Gallows,2016
34,Interment,Scent Of The Buried,2016
35,Rotting Christ,Rituals,2016
36,Graf Orlock,Crime Traveller,2016
37,Bölzer,Hero,2016
38,Dälek,Asphalt For Eden,2016
39,Conan,Revengeance,2016
40,Devin Townsend Project,Transcendence,2016
41,Katatonia,The Fall Of Hearts,2016
42,Wretch,Wretch,2016
43,Wardruna,Rudaljod - Ragnarok,2016
44,Kvelertak,Nattesferd,2016
45,Horseback,Dead Ringers,2016
46,Slabdragger,Rise Of The Dawncrusher,2016
47,The Wounded Kings,Visions In Bone,2016
48,Sabaton,The Last Stand,2016
49,Krypts,Remnants Of Expansion,2016
50,Testament,Brotherhood Of The Snake,2016
